Iteration,Fitness,Solution
1,62.92699999999968,1 1 1 1 1 1 0 0 1 1 0 1 1 1 0 0 0 1 1 0 0 1 1 0 0 1 1 0 1 0 1 0 1 1 1 0 0 1 0 1 1 1 1 0 1 0 0 1 1 0 1 0 1 0 0 0 0 1 0 0 0 0 0 1 0 0 0 0 0 1 1 0 0 0 0 1 1 1 1 0 0 1 1 0 1 0 1 1 0 1 0 1 1 0 1 1 0 0 1 
2,62.92699999999968,1 1 1 1 1 1 0 0 1 1 0 1 1 1 0 0 0 1 1 0 0 1 1 0 0 1 1 0 1 0 1 0 1 1 1 0 0 1 0 1 1 1 1 0 1 0 0 1 1 0 1 0 1 0 0 0 0 1 0 0 0 0 0 1 0 0 0 0 0 1 1 0 0 0 0 1 1 1 1 0 0 1 1 0 1 0 1 1 0 1 0 1 1 0 1 1 0 0 1 
3,2.437000000000353,1 1 1 1 1 1 0 0 1 1 0 1 1 1 0 0 0 1 1 0 0 1 1 0 0 1 1 0 1 0 1 0 1 1 1 0 0 1 0 1 1 1 1 0 1 0 0 1 1 0 0 0 1 0 0 0 0 1 0 0 1 0 0 1 0 0 0 0 0 1 1 0 0 0 0 1 1 1 1 0 0 1 1 0 1 0 1 1 0 1 0 1 1 0 1 1 0 0 1 
4,2.437000000000353,1 1 1 1 1 1 0 0 1 1 0 1 1 1 0 0 0 1 1 0 0 1 1 0 0 1 1 0 1 0 1 0 1 1 1 0 0 1 0 1 1 1 1 0 1 0 0 1 1 0 0 0 1 0 0 0 0 1 0 0 1 0 0 1 0 0 0 0 0 1 1 0 0 0 0 1 1 1 1 0 0 1 1 0 1 0 1 1 0 1 0 1 1 0 1 1 0 0 1 
5,2.437000000000353,1 1 1 1 1 1 0 0 1 1 0 1 1 1 0 0 0 1 1 0 0 1 1 0 0 1 1 0 1 0 1 0 1 1 1 0 0 1 0 1 1 1 1 0 1 0 0 1 1 0 0 0 1 0 0 0 0 1 0 0 1 0 0 1 0 0 0 0 0 1 1 0 0 0 0 1 1 1 1 0 0 1 1 0 1 0 1 1 0 1 0 1 1 0 1 1 0 0 1 
6,2.437000000000353,1 1 1 1 1 1 0 0 1 1 0 1 1 1 0 0 0 1 1 0 0 1 1 0 0 1 1 0 1 0 1 0 1 1 1 0 0 1 0 1 1 1 1 0 1 0 0 1 1 0 0 0 1 0 0 0 0 1 0 0 1 0 0 1 0 0 0 0 0 1 1 0 0 0 0 1 1 1 1 0 0 1 1 0 1 0 1 1 0 1 0 1 1 0 1 1 0 0 1 
7,2.437000000000353,1 1 1 1 1 1 0 0 1 1 0 1 1 1 0 0 0 1 1 0 0 1 1 0 0 1 1 0 1 0 1 0 1 1 1 0 0 1 0 1 1 1 1 0 1 0 0 1 1 0 0 0 1 0 0 0 0 1 0 0 1 0 0 1 0 0 0 0 0 1 1 0 0 0 0 1 1 1 1 0 0 1 1 0 1 0 1 1 0 1 0 1 1 0 1 1 0 0 1 
8,2.437000000000353,1 1 1 1 1 1 0 0 1 1 0 1 1 1 0 0 0 1 1 0 0 1 1 0 0 1 1 0 1 0 1 0 1 1 1 0 0 1 0 1 1 1 1 0 1 0 0 1 1 0 0 0 1 0 0 0 0 1 0 0 1 0 0 1 0 0 0 0 0 1 1 0 0 0 0 1 1 1 1 0 0 1 1 0 1 0 1 1 0 1 0 1 1 0 1 1 0 0 1 
9,2.437000000000353,1 1 1 1 1 1 0 0 1 1 0 1 1 1 0 0 0 1 1 0 0 1 1 0 0 1 1 0 1 0 1 0 1 1 1 0 0 1 0 1 1 1 1 0 1 0 0 1 1 0 0 0 1 0 0 0 0 1 0 0 1 0 0 1 0 0 0 0 0 1 1 0 0 0 0 1 1 1 1 0 0 1 1 0 1 0 1 1 0 1 0 1 1 0 1 1 0 0 1 
10,2.437000000000353,1 1 1 1 1 1 0 0 1 1 0 1 1 1 0 0 0 1 1 0 0 1 1 0 0 1 1 0 1 0 1 0 1 1 1 0 0 1 0 1 1 1 1 0 1 0 0 1 1 0 0 0 1 0 0 0 0 1 0 0 1 0 0 1 0 0 0 0 0 1 1 0 0 0 0 1 1 1 1 0 0 1 1 0 1 0 1 1 0 1 0 1 1 0 1 1 0 0 1 
11,2.437000000000353,1 1 1 1 1 1 0 0 1 1 0 1 1 1 0 0 0 1 1 0 0 1 1 0 0 1 1 0 1 0 1 0 1 1 1 0 0 1 0 1 1 1 1 0 1 0 0 1 1 0 0 0 1 0 0 0 0 1 0 0 1 0 0 1 0 0 0 0 0 1 1 0 0 0 0 1 1 1 1 0 0 1 1 0 1 0 1 1 0 1 0 1 1 0 1 1 0 0 1 
12,2.437000000000353,1 1 1 1 1 1 0 0 1 1 0 1 1 1 0 0 0 1 1 0 0 1 1 0 0 1 1 0 1 0 1 0 1 1 1 0 0 1 0 1 1 1 1 0 1 0 0 1 1 0 0 0 1 0 0 0 0 1 0 0 1 0 0 1 0 0 0 0 0 1 1 0 0 0 0 1 1 1 1 0 0 1 1 0 1 0 1 1 0 1 0 1 1 0 1 1 0 0 1 
13,2.437000000000353,1 1 1 1 1 1 0 0 1 1 0 1 1 1 0 0 0 1 1 0 0 1 1 0 0 1 1 0 1 0 1 0 1 1 1 0 0 1 0 1 1 1 1 0 1 0 0 1 1 0 0 0 1 0 0 0 0 1 0 0 1 0 0 1 0 0 0 0 0 1 1 0 0 0 0 1 1 1 1 0 0 1 1 0 1 0 1 1 0 1 0 1 1 0 1 1 0 0 1 
14,2.437000000000353,1 1 1 1 1 1 0 0 1 1 0 1 1 1 0 0 0 1 1 0 0 1 1 0 0 1 1 0 1 0 1 0 1 1 1 0 0 1 0 1 1 1 1 0 1 0 0 1 1 0 0 0 1 0 0 0 0 1 0 0 1 0 0 1 0 0 0 0 0 1 1 0 0 0 0 1 1 1 1 0 0 1 1 0 1 0 1 1 0 1 0 1 1 0 1 1 0 0 1 
15,2.437000000000353,1 1 1 1 1 1 0 0 1 1 0 1 1 1 0 0 0 1 1 0 0 1 1 0 0 1 1 0 1 0 1 0 1 1 1 0 0 1 0 1 1 1 1 0 1 0 0 1 1 0 0 0 1 0 0 0 0 1 0 0 1 0 0 1 0 0 0 0 0 1 1 0 0 0 0 1 1 1 1 0 0 1 1 0 1 0 1 1 0 1 0 1 1 0 1 1 0 0 1 
16,2.437000000000353,1 1 1 1 1 1 0 0 1 1 0 1 1 1 0 0 0 1 1 0 0 1 1 0 0 1 1 0 1 0 1 0 1 1 1 0 0 1 0 1 1 1 1 0 1 0 0 1 1 0 0 0 1 0 0 0 0 1 0 0 1 0 0 1 0 0 0 0 0 1 1 0 0 0 0 1 1 1 1 0 0 1 1 0 1 0 1 1 0 1 0 1 1 0 1 1 0 0 1 
17,2.437000000000353,1 1 1 1 1 1 0 0 1 1 0 1 1 1 0 0 0 1 1 0 0 1 1 0 0 1 1 0 1 0 1 0 1 1 1 0 0 1 0 1 1 1 1 0 1 0 0 1 1 0 0 0 1 0 0 0 0 1 0 0 1 0 0 1 0 0 0 0 0 1 1 0 0 0 0 1 1 1 1 0 0 1 1 0 1 0 1 1 0 1 0 1 1 0 1 1 0 0 1 
18,2.437000000000353,1 1 1 1 1 1 0 0 1 1 0 1 1 1 0 0 0 1 1 0 0 1 1 0 0 1 1 0 1 0 1 0 1 1 1 0 0 1 0 1 1 1 1 0 1 0 0 1 1 0 0 0 1 0 0 0 0 1 0 0 1 0 0 1 0 0 0 0 0 1 1 0 0 0 0 1 1 1 1 0 0 1 1 0 1 0 1 1 0 1 0 1 1 0 1 1 0 0 1 
19,2.437000000000353,1 1 1 1 1 1 0 0 1 1 0 1 1 1 0 0 0 1 1 0 0 1 1 0 0 1 1 0 1 0 1 0 1 1 1 0 0 1 0 1 1 1 1 0 1 0 0 1 1 0 0 0 1 0 0 0 0 1 0 0 1 0 0 1 0 0 0 0 0 1 1 0 0 0 0 1 1 1 1 0 0 1 1 0 1 0 1 1 0 1 0 1 1 0 1 1 0 0 1 
20,2.437000000000353,1 1 1 1 1 1 0 0 1 1 0 1 1 1 0 0 0 1 1 0 0 1 1 0 0 1 1 0 1 0 1 0 1 1 1 0 0 1 0 1 1 1 1 0 1 0 0 1 1 0 0 0 1 0 0 0 0 1 0 0 1 0 0 1 0 0 0 0 0 1 1 0 0 0 0 1 1 1 1 0 0 1 1 0 1 0 1 1 0 1 0 1 1 0 1 1 0 0 1 
21,2.437000000000353,1 1 1 1 1 1 0 0 1 1 0 1 1 1 0 0 0 1 1 0 0 1 1 0 0 1 1 0 1 0 1 0 1 1 1 0 0 1 0 1 1 1 1 0 1 0 0 1 1 0 0 0 1 0 0 0 0 1 0 0 1 0 0 1 0 0 0 0 0 1 1 0 0 0 0 1 1 1 1 0 0 1 1 0 1 0 1 1 0 1 0 1 1 0 1 1 0 0 1 
22,2.437000000000353,1 1 1 1 1 1 0 0 1 1 0 1 1 1 0 0 0 1 1 0 0 1 1 0 0 1 1 0 1 0 1 0 1 1 1 0 0 1 0 1 1 1 1 0 1 0 0 1 1 0 0 0 1 0 0 0 0 1 0 0 1 0 0 1 0 0 0 0 0 1 1 0 0 0 0 1 1 1 1 0 0 1 1 0 1 0 1 1 0 1 0 1 1 0 1 1 0 0 1 
23,2.437000000000353,1 1 1 1 1 1 0 0 1 1 0 1 1 1 0 0 0 1 1 0 0 1 1 0 0 1 1 0 1 0 1 0 1 1 1 0 0 1 0 1 1 1 1 0 1 0 0 1 1 0 0 0 1 0 0 0 0 1 0 0 1 0 0 1 0 0 0 0 0 1 1 0 0 0 0 1 1 1 1 0 0 1 1 0 1 0 1 1 0 1 0 1 1 0 1 1 0 0 1 
24,2.437000000000353,1 1 1 1 1 1 0 0 1 1 0 1 1 1 0 0 0 1 1 0 0 1 1 0 0 1 1 0 1 0 1 0 1 1 1 0 0 1 0 1 1 1 1 0 1 0 0 1 1 0 0 0 1 0 0 0 0 1 0 0 1 0 0 1 0 0 0 0 0 1 1 0 0 0 0 1 1 1 1 0 0 1 1 0 1 0 1 1 0 1 0 1 1 0 1 1 0 0 1 
25,2.437000000000353,1 1 1 1 1 1 0 0 1 1 0 1 1 1 0 0 0 1 1 0 0 1 1 0 0 1 1 0 1 0 1 0 1 1 1 0 0 1 0 1 1 1 1 0 1 0 0 1 1 0 0 0 1 0 0 0 0 1 0 0 1 0 0 1 0 0 0 0 0 1 1 0 0 0 0 1 1 1 1 0 0 1 1 0 1 0 1 1 0 1 0 1 1 0 1 1 0 0 1 
26,2.437000000000353,1 1 1 1 1 1 0 0 1 1 0 1 1 1 0 0 0 1 1 0 0 1 1 0 0 1 1 0 1 0 1 0 1 1 1 0 0 1 0 1 1 1 1 0 1 0 0 1 1 0 0 0 1 0 0 0 0 1 0 0 1 0 0 1 0 0 0 0 0 1 1 0 0 0 0 1 1 1 1 0 0 1 1 0 1 0 1 1 0 1 0 1 1 0 1 1 0 0 1 
27,2.437000000000353,1 1 1 1 1 1 0 0 1 1 0 1 1 1 0 0 0 1 1 0 0 1 1 0 0 1 1 0 1 0 1 0 1 1 1 0 0 1 0 1 1 1 1 0 1 0 0 1 1 0 0 0 1 0 0 0 0 1 0 0 1 0 0 1 0 0 0 0 0 1 1 0 0 0 0 1 1 1 1 0 0 1 1 0 1 0 1 1 0 1 0 1 1 0 1 1 0 0 1 
28,2.437000000000353,1 1 1 1 1 1 0 0 1 1 0 1 1 1 0 0 0 1 1 0 0 1 1 0 0 1 1 0 1 0 1 0 1 1 1 0 0 1 0 1 1 1 1 0 1 0 0 1 1 0 0 0 1 0 0 0 0 1 0 0 1 0 0 1 0 0 0 0 0 1 1 0 0 0 0 1 1 1 1 0 0 1 1 0 1 0 1 1 0 1 0 1 1 0 1 1 0 0 1 
29,2.437000000000353,1 1 1 1 1 1 0 0 1 1 0 1 1 1 0 0 0 1 1 0 0 1 1 0 0 1 1 0 1 0 1 0 1 1 1 0 0 1 0 1 1 1 1 0 1 0 0 1 1 0 0 0 1 0 0 0 0 1 0 0 1 0 0 1 0 0 0 0 0 1 1 0 0 0 0 1 1 1 1 0 0 1 1 0 1 0 1 1 0 1 0 1 1 0 1 1 0 0 1 
30,2.437000000000353,1 1 1 1 1 1 0 0 1 1 0 1 1 1 0 0 0 1 1 0 0 1 1 0 0 1 1 0 1 0 1 0 1 1 1 0 0 1 0 1 1 1 1 0 1 0 0 1 1 0 0 0 1 0 0 0 0 1 0 0 1 0 0 1 0 0 0 0 0 1 1 0 0 0 0 1 1 1 1 0 0 1 1 0 1 0 1 1 0 1 0 1 1 0 1 1 0 0 1 
31,2.437000000000353,1 1 1 1 1 1 0 0 1 1 0 1 1 1 0 0 0 1 1 0 0 1 1 0 0 1 1 0 1 0 1 0 1 1 1 0 0 1 0 1 1 1 1 0 1 0 0 1 1 0 0 0 1 0 0 0 0 1 0 0 1 0 0 1 0 0 0 0 0 1 1 0 0 0 0 1 1 1 1 0 0 1 1 0 1 0 1 1 0 1 0 1 1 0 1 1 0 0 1 
32,2.437000000000353,1 1 1 1 1 1 0 0 1 1 0 1 1 1 0 0 0 1 1 0 0 1 1 0 0 1 1 0 1 0 1 0 1 1 1 0 0 1 0 1 1 1 1 0 1 0 0 1 1 0 0 0 1 0 0 0 0 1 0 0 1 0 0 1 0 0 0 0 0 1 1 0 0 0 0 1 1 1 1 0 0 1 1 0 1 0 1 1 0 1 0 1 1 0 1 1 0 0 1 
33,2.437000000000353,1 1 1 1 1 1 0 0 1 1 0 1 1 1 0 0 0 1 1 0 0 1 1 0 0 1 1 0 1 0 1 0 1 1 1 0 0 1 0 1 1 1 1 0 1 0 0 1 1 0 0 0 1 0 0 0 0 1 0 0 1 0 0 1 0 0 0 0 0 1 1 0 0 0 0 1 1 1 1 0 0 1 1 0 1 0 1 1 0 1 0 1 1 0 1 1 0 0 1 
34,2.437000000000353,1 1 1 1 1 1 0 0 1 1 0 1 1 1 0 0 0 1 1 0 0 1 1 0 0 1 1 0 1 0 1 0 1 1 1 0 0 1 0 1 1 1 1 0 1 0 0 1 1 0 0 0 1 0 0 0 0 1 0 0 1 0 0 1 0 0 0 0 0 1 1 0 0 0 0 1 1 1 1 0 0 1 1 0 1 0 1 1 0 1 0 1 1 0 1 1 0 0 1 
35,2.437000000000353,1 1 1 1 1 1 0 0 1 1 0 1 1 1 0 0 0 1 1 0 0 1 1 0 0 1 1 0 1 0 1 0 1 1 1 0 0 1 0 1 1 1 1 0 1 0 0 1 1 0 0 0 1 0 0 0 0 1 0 0 1 0 0 1 0 0 0 0 0 1 1 0 0 0 0 1 1 1 1 0 0 1 1 0 1 0 1 1 0 1 0 1 1 0 1 1 0 0 1 
36,2.437000000000353,1 1 1 1 1 1 0 0 1 1 0 1 1 1 0 0 0 1 1 0 0 1 1 0 0 1 1 0 1 0 1 0 1 1 1 0 0 1 0 1 1 1 1 0 1 0 0 1 1 0 0 0 1 0 0 0 0 1 0 0 1 0 0 1 0 0 0 0 0 1 1 0 0 0 0 1 1 1 1 0 0 1 1 0 1 0 1 1 0 1 0 1 1 0 1 1 0 0 1 
37,2.437000000000353,1 1 1 1 1 1 0 0 1 1 0 1 1 1 0 0 0 1 1 0 0 1 1 0 0 1 1 0 1 0 1 0 1 1 1 0 0 1 0 1 1 1 1 0 1 0 0 1 1 0 0 0 1 0 0 0 0 1 0 0 1 0 0 1 0 0 0 0 0 1 1 0 0 0 0 1 1 1 1 0 0 1 1 0 1 0 1 1 0 1 0 1 1 0 1 1 0 0 1 
38,2.437000000000353,1 1 1 1 1 1 0 0 1 1 0 1 1 1 0 0 0 1 1 0 0 1 1 0 0 1 1 0 1 0 1 0 1 1 1 0 0 1 0 1 1 1 1 0 1 0 0 1 1 0 0 0 1 0 0 0 0 1 0 0 1 0 0 1 0 0 0 0 0 1 1 0 0 0 0 1 1 1 1 0 0 1 1 0 1 0 1 1 0 1 0 1 1 0 1 1 0 0 1 
39,2.437000000000353,1 1 1 1 1 1 0 0 1 1 0 1 1 1 0 0 0 1 1 0 0 1 1 0 0 1 1 0 1 0 1 0 1 1 1 0 0 1 0 1 1 1 1 0 1 0 0 1 1 0 0 0 1 0 0 0 0 1 0 0 1 0 0 1 0 0 0 0 0 1 1 0 0 0 0 1 1 1 1 0 0 1 1 0 1 0 1 1 0 1 0 1 1 0 1 1 0 0 1 
40,2.437000000000353,1 1 1 1 1 1 0 0 1 1 0 1 1 1 0 0 0 1 1 0 0 1 1 0 0 1 1 0 1 0 1 0 1 1 1 0 0 1 0 1 1 1 1 0 1 0 0 1 1 0 0 0 1 0 0 0 0 1 0 0 1 0 0 1 0 0 0 0 0 1 1 0 0 0 0 1 1 1 1 0 0 1 1 0 1 0 1 1 0 1 0 1 1 0 1 1 0 0 1 
41,2.437000000000353,1 1 1 1 1 1 0 0 1 1 0 1 1 1 0 0 0 1 1 0 0 1 1 0 0 1 1 0 1 0 1 0 1 1 1 0 0 1 0 1 1 1 1 0 1 0 0 1 1 0 0 0 1 0 0 0 0 1 0 0 1 0 0 1 0 0 0 0 0 1 1 0 0 0 0 1 1 1 1 0 0 1 1 0 1 0 1 1 0 1 0 1 1 0 1 1 0 0 1 
42,2.437000000000353,1 1 1 1 1 1 0 0 1 1 0 1 1 1 0 0 0 1 1 0 0 1 1 0 0 1 1 0 1 0 1 0 1 1 1 0 0 1 0 1 1 1 1 0 1 0 0 1 1 0 0 0 1 0 0 0 0 1 0 0 1 0 0 1 0 0 0 0 0 1 1 0 0 0 0 1 1 1 1 0 0 1 1 0 1 0 1 1 0 1 0 1 1 0 1 1 0 0 1 
43,2.437000000000353,1 1 1 1 1 1 0 0 1 1 0 1 1 1 0 0 0 1 1 0 0 1 1 0 0 1 1 0 1 0 1 0 1 1 1 0 0 1 0 1 1 1 1 0 1 0 0 1 1 0 0 0 1 0 0 0 0 1 0 0 1 0 0 1 0 0 0 0 0 1 1 0 0 0 0 1 1 1 1 0 0 1 1 0 1 0 1 1 0 1 0 1 1 0 1 1 0 0 1 
44,2.437000000000353,1 1 1 1 1 1 0 0 1 1 0 1 1 1 0 0 0 1 1 0 0 1 1 0 0 1 1 0 1 0 1 0 1 1 1 0 0 1 0 1 1 1 1 0 1 0 0 1 1 0 0 0 1 0 0 0 0 1 0 0 1 0 0 1 0 0 0 0 0 1 1 0 0 0 0 1 1 1 1 0 0 1 1 0 1 0 1 1 0 1 0 1 1 0 1 1 0 0 1 
45,2.437000000000353,1 1 1 1 1 1 0 0 1 1 0 1 1 1 0 0 0 1 1 0 0 1 1 0 0 1 1 0 1 0 1 0 1 1 1 0 0 1 0 1 1 1 1 0 1 0 0 1 1 0 0 0 1 0 0 0 0 1 0 0 1 0 0 1 0 0 0 0 0 1 1 0 0 0 0 1 1 1 1 0 0 1 1 0 1 0 1 1 0 1 0 1 1 0 1 1 0 0 1 
46,2.437000000000353,1 1 1 1 1 1 0 0 1 1 0 1 1 1 0 0 0 1 1 0 0 1 1 0 0 1 1 0 1 0 1 0 1 1 1 0 0 1 0 1 1 1 1 0 1 0 0 1 1 0 0 0 1 0 0 0 0 1 0 0 1 0 0 1 0 0 0 0 0 1 1 0 0 0 0 1 1 1 1 0 0 1 1 0 1 0 1 1 0 1 0 1 1 0 1 1 0 0 1 
47,2.437000000000353,1 1 1 1 1 1 0 0 1 1 0 1 1 1 0 0 0 1 1 0 0 1 1 0 0 1 1 0 1 0 1 0 1 1 1 0 0 1 0 1 1 1 1 0 1 0 0 1 1 0 0 0 1 0 0 0 0 1 0 0 1 0 0 1 0 0 0 0 0 1 1 0 0 0 0 1 1 1 1 0 0 1 1 0 1 0 1 1 0 1 0 1 1 0 1 1 0 0 1 
48,2.437000000000353,1 1 1 1 1 1 0 0 1 1 0 1 1 1 0 0 0 1 1 0 0 1 1 0 0 1 1 0 1 0 1 0 1 1 1 0 0 1 0 1 1 1 1 0 1 0 0 1 1 0 0 0 1 0 0 0 0 1 0 0 1 0 0 1 0 0 0 0 0 1 1 0 0 0 0 1 1 1 1 0 0 1 1 0 1 0 1 1 0 1 0 1 1 0 1 1 0 0 1 
49,2.437000000000353,1 1 1 1 1 1 0 0 1 1 0 1 1 1 0 0 0 1 1 0 0 1 1 0 0 1 1 0 1 0 1 0 1 1 1 0 0 1 0 1 1 1 1 0 1 0 0 1 1 0 0 0 1 0 0 0 0 1 0 0 1 0 0 1 0 0 0 0 0 1 1 0 0 0 0 1 1 1 1 0 0 1 1 0 1 0 1 1 0 1 0 1 1 0 1 1 0 0 1 
50,2.437000000000353,1 1 1 1 1 1 0 0 1 1 0 1 1 1 0 0 0 1 1 0 0 1 1 0 0 1 1 0 1 0 1 0 1 1 1 0 0 1 0 1 1 1 1 0 1 0 0 1 1 0 0 0 1 0 0 0 0 1 0 0 1 0 0 1 0 0 0 0 0 1 1 0 0 0 0 1 1 1 1 0 0 1 1 0 1 0 1 1 0 1 0 1 1 0 1 1 0 0 1 
51,2.437000000000353,1 1 1 1 1 1 0 0 1 1 0 1 1 1 0 0 0 1 1 0 0 1 1 0 0 1 1 0 1 0 1 0 1 1 1 0 0 1 0 1 1 1 1 0 1 0 0 1 1 0 0 0 1 0 0 0 0 1 0 0 1 0 0 1 0 0 0 0 0 1 1 0 0 0 0 1 1 1 1 0 0 1 1 0 1 0 1 1 0 1 0 1 1 0 1 1 0 0 1 
52,2.437000000000353,1 1 1 1 1 1 0 0 1 1 0 1 1 1 0 0 0 1 1 0 0 1 1 0 0 1 1 0 1 0 1 0 1 1 1 0 0 1 0 1 1 1 1 0 1 0 0 1 1 0 0 0 1 0 0 0 0 1 0 0 1 0 0 1 0 0 0 0 0 1 1 0 0 0 0 1 1 1 1 0 0 1 1 0 1 0 1 1 0 1 0 1 1 0 1 1 0 0 1 
53,2.437000000000353,1 1 1 1 1 1 0 0 1 1 0 1 1 1 0 0 0 1 1 0 0 1 1 0 0 1 1 0 1 0 1 0 1 1 1 0 0 1 0 1 1 1 1 0 1 0 0 1 1 0 0 0 1 0 0 0 0 1 0 0 1 0 0 1 0 0 0 0 0 1 1 0 0 0 0 1 1 1 1 0 0 1 1 0 1 0 1 1 0 1 0 1 1 0 1 1 0 0 1 
54,2.437000000000353,1 1 1 1 1 1 0 0 1 1 0 1 1 1 0 0 0 1 1 0 0 1 1 0 0 1 1 0 1 0 1 0 1 1 1 0 0 1 0 1 1 1 1 0 1 0 0 1 1 0 0 0 1 0 0 0 0 1 0 0 1 0 0 1 0 0 0 0 0 1 1 0 0 0 0 1 1 1 1 0 0 1 1 0 1 0 1 1 0 1 0 1 1 0 1 1 0 0 1 
55,2.437000000000353,1 1 1 1 1 1 0 0 1 1 0 1 1 1 0 0 0 1 1 0 0 1 1 0 0 1 1 0 1 0 1 0 1 1 1 0 0 1 0 1 1 1 1 0 1 0 0 1 1 0 0 0 1 0 0 0 0 1 0 0 1 0 0 1 0 0 0 0 0 1 1 0 0 0 0 1 1 1 1 0 0 1 1 0 1 0 1 1 0 1 0 1 1 0 1 1 0 0 1 
56,2.437000000000353,1 1 1 1 1 1 0 0 1 1 0 1 1 1 0 0 0 1 1 0 0 1 1 0 0 1 1 0 1 0 1 0 1 1 1 0 0 1 0 1 1 1 1 0 1 0 0 1 1 0 0 0 1 0 0 0 0 1 0 0 1 0 0 1 0 0 0 0 0 1 1 0 0 0 0 1 1 1 1 0 0 1 1 0 1 0 1 1 0 1 0 1 1 0 1 1 0 0 1 
57,2.437000000000353,1 1 1 1 1 1 0 0 1 1 0 1 1 1 0 0 0 1 1 0 0 1 1 0 0 1 1 0 1 0 1 0 1 1 1 0 0 1 0 1 1 1 1 0 1 0 0 1 1 0 0 0 1 0 0 0 0 1 0 0 1 0 0 1 0 0 0 0 0 1 1 0 0 0 0 1 1 1 1 0 0 1 1 0 1 0 1 1 0 1 0 1 1 0 1 1 0 0 1 
58,2.437000000000353,1 1 1 1 1 1 0 0 1 1 0 1 1 1 0 0 0 1 1 0 0 1 1 0 0 1 1 0 1 0 1 0 1 1 1 0 0 1 0 1 1 1 1 0 1 0 0 1 1 0 0 0 1 0 0 0 0 1 0 0 1 0 0 1 0 0 0 0 0 1 1 0 0 0 0 1 1 1 1 0 0 1 1 0 1 0 1 1 0 1 0 1 1 0 1 1 0 0 1 
59,2.437000000000353,1 1 1 1 1 1 0 0 1 1 0 1 1 1 0 0 0 1 1 0 0 1 1 0 0 1 1 0 1 0 1 0 1 1 1 0 0 1 0 1 1 1 1 0 1 0 0 1 1 0 0 0 1 0 0 0 0 1 0 0 1 0 0 1 0 0 0 0 0 1 1 0 0 0 0 1 1 1 1 0 0 1 1 0 1 0 1 1 0 1 0 1 1 0 1 1 0 0 1 
60,2.437000000000353,1 1 1 1 1 1 0 0 1 1 0 1 1 1 0 0 0 1 1 0 0 1 1 0 0 1 1 0 1 0 1 0 1 1 1 0 0 1 0 1 1 1 1 0 1 0 0 1 1 0 0 0 1 0 0 0 0 1 0 0 1 0 0 1 0 0 0 0 0 1 1 0 0 0 0 1 1 1 1 0 0 1 1 0 1 0 1 1 0 1 0 1 1 0 1 1 0 0 1 
61,2.437000000000353,1 1 1 1 1 1 0 0 1 1 0 1 1 1 0 0 0 1 1 0 0 1 1 0 0 1 1 0 1 0 1 0 1 1 1 0 0 1 0 1 1 1 1 0 1 0 0 1 1 0 0 0 1 0 0 0 0 1 0 0 1 0 0 1 0 0 0 0 0 1 1 0 0 0 0 1 1 1 1 0 0 1 1 0 1 0 1 1 0 1 0 1 1 0 1 1 0 0 1 
62,2.437000000000353,1 1 1 1 1 1 0 0 1 1 0 1 1 1 0 0 0 1 1 0 0 1 1 0 0 1 1 0 1 0 1 0 1 1 1 0 0 1 0 1 1 1 1 0 1 0 0 1 1 0 0 0 1 0 0 0 0 1 0 0 1 0 0 1 0 0 0 0 0 1 1 0 0 0 0 1 1 1 1 0 0 1 1 0 1 0 1 1 0 1 0 1 1 0 1 1 0 0 1 
63,2.437000000000353,1 1 1 1 1 1 0 0 1 1 0 1 1 1 0 0 0 1 1 0 0 1 1 0 0 1 1 0 1 0 1 0 1 1 1 0 0 1 0 1 1 1 1 0 1 0 0 1 1 0 0 0 1 0 0 0 0 1 0 0 1 0 0 1 0 0 0 0 0 1 1 0 0 0 0 1 1 1 1 0 0 1 1 0 1 0 1 1 0 1 0 1 1 0 1 1 0 0 1 
64,2.437000000000353,1 1 1 1 1 1 0 0 1 1 0 1 1 1 0 0 0 1 1 0 0 1 1 0 0 1 1 0 1 0 1 0 1 1 1 0 0 1 0 1 1 1 1 0 1 0 0 1 1 0 0 0 1 0 0 0 0 1 0 0 1 0 0 1 0 0 0 0 0 1 1 0 0 0 0 1 1 1 1 0 0 1 1 0 1 0 1 1 0 1 0 1 1 0 1 1 0 0 1 
65,2.437000000000353,1 1 1 1 1 1 0 0 1 1 0 1 1 1 0 0 0 1 1 0 0 1 1 0 0 1 1 0 1 0 1 0 1 1 1 0 0 1 0 1 1 1 1 0 1 0 0 1 1 0 0 0 1 0 0 0 0 1 0 0 1 0 0 1 0 0 0 0 0 1 1 0 0 0 0 1 1 1 1 0 0 1 1 0 1 0 1 1 0 1 0 1 1 0 1 1 0 0 1 
66,2.437000000000353,1 1 1 1 1 1 0 0 1 1 0 1 1 1 0 0 0 1 1 0 0 1 1 0 0 1 1 0 1 0 1 0 1 1 1 0 0 1 0 1 1 1 1 0 1 0 0 1 1 0 0 0 1 0 0 0 0 1 0 0 1 0 0 1 0 0 0 0 0 1 1 0 0 0 0 1 1 1 1 0 0 1 1 0 1 0 1 1 0 1 0 1 1 0 1 1 0 0 1 
67,2.437000000000353,1 1 1 1 1 1 0 0 1 1 0 1 1 1 0 0 0 1 1 0 0 1 1 0 0 1 1 0 1 0 1 0 1 1 1 0 0 1 0 1 1 1 1 0 1 0 0 1 1 0 0 0 1 0 0 0 0 1 0 0 1 0 0 1 0 0 0 0 0 1 1 0 0 0 0 1 1 1 1 0 0 1 1 0 1 0 1 1 0 1 0 1 1 0 1 1 0 0 1 
68,2.437000000000353,1 1 1 1 1 1 0 0 1 1 0 1 1 1 0 0 0 1 1 0 0 1 1 0 0 1 1 0 1 0 1 0 1 1 1 0 0 1 0 1 1 1 1 0 1 0 0 1 1 0 0 0 1 0 0 0 0 1 0 0 1 0 0 1 0 0 0 0 0 1 1 0 0 0 0 1 1 1 1 0 0 1 1 0 1 0 1 1 0 1 0 1 1 0 1 1 0 0 1 
69,2.437000000000353,1 1 1 1 1 1 0 0 1 1 0 1 1 1 0 0 0 1 1 0 0 1 1 0 0 1 1 0 1 0 1 0 1 1 1 0 0 1 0 1 1 1 1 0 1 0 0 1 1 0 0 0 1 0 0 0 0 1 0 0 1 0 0 1 0 0 0 0 0 1 1 0 0 0 0 1 1 1 1 0 0 1 1 0 1 0 1 1 0 1 0 1 1 0 1 1 0 0 1 
70,2.437000000000353,1 1 1 1 1 1 0 0 1 1 0 1 1 1 0 0 0 1 1 0 0 1 1 0 0 1 1 0 1 0 1 0 1 1 1 0 0 1 0 1 1 1 1 0 1 0 0 1 1 0 0 0 1 0 0 0 0 1 0 0 1 0 0 1 0 0 0 0 0 1 1 0 0 0 0 1 1 1 1 0 0 1 1 0 1 0 1 1 0 1 0 1 1 0 1 1 0 0 1 
71,2.437000000000353,1 1 1 1 1 1 0 0 1 1 0 1 1 1 0 0 0 1 1 0 0 1 1 0 0 1 1 0 1 0 1 0 1 1 1 0 0 1 0 1 1 1 1 0 1 0 0 1 1 0 0 0 1 0 0 0 0 1 0 0 1 0 0 1 0 0 0 0 0 1 1 0 0 0 0 1 1 1 1 0 0 1 1 0 1 0 1 1 0 1 0 1 1 0 1 1 0 0 1 
72,2.437000000000353,1 1 1 1 1 1 0 0 1 1 0 1 1 1 0 0 0 1 1 0 0 1 1 0 0 1 1 0 1 0 1 0 1 1 1 0 0 1 0 1 1 1 1 0 1 0 0 1 1 0 0 0 1 0 0 0 0 1 0 0 1 0 0 1 0 0 0 0 0 1 1 0 0 0 0 1 1 1 1 0 0 1 1 0 1 0 1 1 0 1 0 1 1 0 1 1 0 0 1 
73,2.437000000000353,1 1 1 1 1 1 0 0 1 1 0 1 1 1 0 0 0 1 1 0 0 1 1 0 0 1 1 0 1 0 1 0 1 1 1 0 0 1 0 1 1 1 1 0 1 0 0 1 1 0 0 0 1 0 0 0 0 1 0 0 1 0 0 1 0 0 0 0 0 1 1 0 0 0 0 1 1 1 1 0 0 1 1 0 1 0 1 1 0 1 0 1 1 0 1 1 0 0 1 
74,2.437000000000353,1 1 1 1 1 1 0 0 1 1 0 1 1 1 0 0 0 1 1 0 0 1 1 0 0 1 1 0 1 0 1 0 1 1 1 0 0 1 0 1 1 1 1 0 1 0 0 1 1 0 0 0 1 0 0 0 0 1 0 0 1 0 0 1 0 0 0 0 0 1 1 0 0 0 0 1 1 1 1 0 0 1 1 0 1 0 1 1 0 1 0 1 1 0 1 1 0 0 1 
75,2.437000000000353,1 1 1 1 1 1 0 0 1 1 0 1 1 1 0 0 0 1 1 0 0 1 1 0 0 1 1 0 1 0 1 0 1 1 1 0 0 1 0 1 1 1 1 0 1 0 0 1 1 0 0 0 1 0 0 0 0 1 0 0 1 0 0 1 0 0 0 0 0 1 1 0 0 0 0 1 1 1 1 0 0 1 1 0 1 0 1 1 0 1 0 1 1 0 1 1 0 0 1 
76,2.437000000000353,1 1 1 1 1 1 0 0 1 1 0 1 1 1 0 0 0 1 1 0 0 1 1 0 0 1 1 0 1 0 1 0 1 1 1 0 0 1 0 1 1 1 1 0 1 0 0 1 1 0 0 0 1 0 0 0 0 1 0 0 1 0 0 1 0 0 0 0 0 1 1 0 0 0 0 1 1 1 1 0 0 1 1 0 1 0 1 1 0 1 0 1 1 0 1 1 0 0 1 
77,2.437000000000353,1 1 1 1 1 1 0 0 1 1 0 1 1 1 0 0 0 1 1 0 0 1 1 0 0 1 1 0 1 0 1 0 1 1 1 0 0 1 0 1 1 1 1 0 1 0 0 1 1 0 0 0 1 0 0 0 0 1 0 0 1 0 0 1 0 0 0 0 0 1 1 0 0 0 0 1 1 1 1 0 0 1 1 0 1 0 1 1 0 1 0 1 1 0 1 1 0 0 1 
78,2.437000000000353,1 1 1 1 1 1 0 0 1 1 0 1 1 1 0 0 0 1 1 0 0 1 1 0 0 1 1 0 1 0 1 0 1 1 1 0 0 1 0 1 1 1 1 0 1 0 0 1 1 0 0 0 1 0 0 0 0 1 0 0 1 0 0 1 0 0 0 0 0 1 1 0 0 0 0 1 1 1 1 0 0 1 1 0 1 0 1 1 0 1 0 1 1 0 1 1 0 0 1 
79,2.437000000000353,1 1 1 1 1 1 0 0 1 1 0 1 1 1 0 0 0 1 1 0 0 1 1 0 0 1 1 0 1 0 1 0 1 1 1 0 0 1 0 1 1 1 1 0 1 0 0 1 1 0 0 0 1 0 0 0 0 1 0 0 1 0 0 1 0 0 0 0 0 1 1 0 0 0 0 1 1 1 1 0 0 1 1 0 1 0 1 1 0 1 0 1 1 0 1 1 0 0 1 
80,2.437000000000353,1 1 1 1 1 1 0 0 1 1 0 1 1 1 0 0 0 1 1 0 0 1 1 0 0 1 1 0 1 0 1 0 1 1 1 0 0 1 0 1 1 1 1 0 1 0 0 1 1 0 0 0 1 0 0 0 0 1 0 0 1 0 0 1 0 0 0 0 0 1 1 0 0 0 0 1 1 1 1 0 0 1 1 0 1 0 1 1 0 1 0 1 1 0 1 1 0 0 1 
81,2.437000000000353,1 1 1 1 1 1 0 0 1 1 0 1 1 1 0 0 0 1 1 0 0 1 1 0 0 1 1 0 1 0 1 0 1 1 1 0 0 1 0 1 1 1 1 0 1 0 0 1 1 0 0 0 1 0 0 0 0 1 0 0 1 0 0 1 0 0 0 0 0 1 1 0 0 0 0 1 1 1 1 0 0 1 1 0 1 0 1 1 0 1 0 1 1 0 1 1 0 0 1 
82,2.437000000000353,1 1 1 1 1 1 0 0 1 1 0 1 1 1 0 0 0 1 1 0 0 1 1 0 0 1 1 0 1 0 1 0 1 1 1 0 0 1 0 1 1 1 1 0 1 0 0 1 1 0 0 0 1 0 0 0 0 1 0 0 1 0 0 1 0 0 0 0 0 1 1 0 0 0 0 1 1 1 1 0 0 1 1 0 1 0 1 1 0 1 0 1 1 0 1 1 0 0 1 
83,2.437000000000353,1 1 1 1 1 1 0 0 1 1 0 1 1 1 0 0 0 1 1 0 0 1 1 0 0 1 1 0 1 0 1 0 1 1 1 0 0 1 0 1 1 1 1 0 1 0 0 1 1 0 0 0 1 0 0 0 0 1 0 0 1 0 0 1 0 0 0 0 0 1 1 0 0 0 0 1 1 1 1 0 0 1 1 0 1 0 1 1 0 1 0 1 1 0 1 1 0 0 1 
84,2.437000000000353,1 1 1 1 1 1 0 0 1 1 0 1 1 1 0 0 0 1 1 0 0 1 1 0 0 1 1 0 1 0 1 0 1 1 1 0 0 1 0 1 1 1 1 0 1 0 0 1 1 0 0 0 1 0 0 0 0 1 0 0 1 0 0 1 0 0 0 0 0 1 1 0 0 0 0 1 1 1 1 0 0 1 1 0 1 0 1 1 0 1 0 1 1 0 1 1 0 0 1 
85,2.437000000000353,1 1 1 1 1 1 0 0 1 1 0 1 1 1 0 0 0 1 1 0 0 1 1 0 0 1 1 0 1 0 1 0 1 1 1 0 0 1 0 1 1 1 1 0 1 0 0 1 1 0 0 0 1 0 0 0 0 1 0 0 1 0 0 1 0 0 0 0 0 1 1 0 0 0 0 1 1 1 1 0 0 1 1 0 1 0 1 1 0 1 0 1 1 0 1 1 0 0 1 
86,2.437000000000353,1 1 1 1 1 1 0 0 1 1 0 1 1 1 0 0 0 1 1 0 0 1 1 0 0 1 1 0 1 0 1 0 1 1 1 0 0 1 0 1 1 1 1 0 1 0 0 1 1 0 0 0 1 0 0 0 0 1 0 0 1 0 0 1 0 0 0 0 0 1 1 0 0 0 0 1 1 1 1 0 0 1 1 0 1 0 1 1 0 1 0 1 1 0 1 1 0 0 1 
87,2.437000000000353,1 1 1 1 1 1 0 0 1 1 0 1 1 1 0 0 0 1 1 0 0 1 1 0 0 1 1 0 1 0 1 0 1 1 1 0 0 1 0 1 1 1 1 0 1 0 0 1 1 0 0 0 1 0 0 0 0 1 0 0 1 0 0 1 0 0 0 0 0 1 1 0 0 0 0 1 1 1 1 0 0 1 1 0 1 0 1 1 0 1 0 1 1 0 1 1 0 0 1 
88,2.437000000000353,1 1 1 1 1 1 0 0 1 1 0 1 1 1 0 0 0 1 1 0 0 1 1 0 0 1 1 0 1 0 1 0 1 1 1 0 0 1 0 1 1 1 1 0 1 0 0 1 1 0 0 0 1 0 0 0 0 1 0 0 1 0 0 1 0 0 0 0 0 1 1 0 0 0 0 1 1 1 1 0 0 1 1 0 1 0 1 1 0 1 0 1 1 0 1 1 0 0 1 
89,2.437000000000353,1 1 1 1 1 1 0 0 1 1 0 1 1 1 0 0 0 1 1 0 0 1 1 0 0 1 1 0 1 0 1 0 1 1 1 0 0 1 0 1 1 1 1 0 1 0 0 1 1 0 0 0 1 0 0 0 0 1 0 0 1 0 0 1 0 0 0 0 0 1 1 0 0 0 0 1 1 1 1 0 0 1 1 0 1 0 1 1 0 1 0 1 1 0 1 1 0 0 1 
90,2.437000000000353,1 1 1 1 1 1 0 0 1 1 0 1 1 1 0 0 0 1 1 0 0 1 1 0 0 1 1 0 1 0 1 0 1 1 1 0 0 1 0 1 1 1 1 0 1 0 0 1 1 0 0 0 1 0 0 0 0 1 0 0 1 0 0 1 0 0 0 0 0 1 1 0 0 0 0 1 1 1 1 0 0 1 1 0 1 0 1 1 0 1 0 1 1 0 1 1 0 0 1 
91,2.437000000000353,1 1 1 1 1 1 0 0 1 1 0 1 1 1 0 0 0 1 1 0 0 1 1 0 0 1 1 0 1 0 1 0 1 1 1 0 0 1 0 1 1 1 1 0 1 0 0 1 1 0 0 0 1 0 0 0 0 1 0 0 1 0 0 1 0 0 0 0 0 1 1 0 0 0 0 1 1 1 1 0 0 1 1 0 1 0 1 1 0 1 0 1 1 0 1 1 0 0 1 
92,2.437000000000353,1 1 1 1 1 1 0 0 1 1 0 1 1 1 0 0 0 1 1 0 0 1 1 0 0 1 1 0 1 0 1 0 1 1 1 0 0 1 0 1 1 1 1 0 1 0 0 1 1 0 0 0 1 0 0 0 0 1 0 0 1 0 0 1 0 0 0 0 0 1 1 0 0 0 0 1 1 1 1 0 0 1 1 0 1 0 1 1 0 1 0 1 1 0 1 1 0 0 1 
93,2.437000000000353,1 1 1 1 1 1 0 0 1 1 0 1 1 1 0 0 0 1 1 0 0 1 1 0 0 1 1 0 1 0 1 0 1 1 1 0 0 1 0 1 1 1 1 0 1 0 0 1 1 0 0 0 1 0 0 0 0 1 0 0 1 0 0 1 0 0 0 0 0 1 1 0 0 0 0 1 1 1 1 0 0 1 1 0 1 0 1 1 0 1 0 1 1 0 1 1 0 0 1 
94,2.437000000000353,1 1 1 1 1 1 0 0 1 1 0 1 1 1 0 0 0 1 1 0 0 1 1 0 0 1 1 0 1 0 1 0 1 1 1 0 0 1 0 1 1 1 1 0 1 0 0 1 1 0 0 0 1 0 0 0 0 1 0 0 1 0 0 1 0 0 0 0 0 1 1 0 0 0 0 1 1 1 1 0 0 1 1 0 1 0 1 1 0 1 0 1 1 0 1 1 0 0 1 
95,2.437000000000353,1 1 1 1 1 1 0 0 1 1 0 1 1 1 0 0 0 1 1 0 0 1 1 0 0 1 1 0 1 0 1 0 1 1 1 0 0 1 0 1 1 1 1 0 1 0 0 1 1 0 0 0 1 0 0 0 0 1 0 0 1 0 0 1 0 0 0 0 0 1 1 0 0 0 0 1 1 1 1 0 0 1 1 0 1 0 1 1 0 1 0 1 1 0 1 1 0 0 1 
96,2.437000000000353,1 1 1 1 1 1 0 0 1 1 0 1 1 1 0 0 0 1 1 0 0 1 1 0 0 1 1 0 1 0 1 0 1 1 1 0 0 1 0 1 1 1 1 0 1 0 0 1 1 0 0 0 1 0 0 0 0 1 0 0 1 0 0 1 0 0 0 0 0 1 1 0 0 0 0 1 1 1 1 0 0 1 1 0 1 0 1 1 0 1 0 1 1 0 1 1 0 0 1 
97,2.437000000000353,1 1 1 1 1 1 0 0 1 1 0 1 1 1 0 0 0 1 1 0 0 1 1 0 0 1 1 0 1 0 1 0 1 1 1 0 0 1 0 1 1 1 1 0 1 0 0 1 1 0 0 0 1 0 0 0 0 1 0 0 1 0 0 1 0 0 0 0 0 1 1 0 0 0 0 1 1 1 1 0 0 1 1 0 1 0 1 1 0 1 0 1 1 0 1 1 0 0 1 
98,2.437000000000353,1 1 1 1 1 1 0 0 1 1 0 1 1 1 0 0 0 1 1 0 0 1 1 0 0 1 1 0 1 0 1 0 1 1 1 0 0 1 0 1 1 1 1 0 1 0 0 1 1 0 0 0 1 0 0 0 0 1 0 0 1 0 0 1 0 0 0 0 0 1 1 0 0 0 0 1 1 1 1 0 0 1 1 0 1 0 1 1 0 1 0 1 1 0 1 1 0 0 1 
99,2.437000000000353,1 1 1 1 1 1 0 0 1 1 0 1 1 1 0 0 0 1 1 0 0 1 1 0 0 1 1 0 1 0 1 0 1 1 1 0 0 1 0 1 1 1 1 0 1 0 0 1 1 0 0 0 1 0 0 0 0 1 0 0 1 0 0 1 0 0 0 0 0 1 1 0 0 0 0 1 1 1 1 0 0 1 1 0 1 0 1 1 0 1 0 1 1 0 1 1 0 0 1 
100,2.437000000000353,1 1 1 1 1 1 0 0 1 1 0 1 1 1 0 0 0 1 1 0 0 1 1 0 0 1 1 0 1 0 1 0 1 1 1 0 0 1 0 1 1 1 1 0 1 0 0 1 1 0 0 0 1 0 0 0 0 1 0 0 1 0 0 1 0 0 0 0 0 1 1 0 0 0 0 1 1 1 1 0 0 1 1 0 1 0 1 1 0 1 0 1 1 0 1 1 0 0 1 
